File,heuristica_inicial,vecindad,break_point,valor,tiempo
A-n27-k4-extremo,savings,interchange,0,1000,941.296,941.296,4.59208266667
A-n27-k4-extremo,savings,interchange,0,5000,941.296,941.296,98.1385006667
A-n27-k4-extremo,savings,interchange,0,10000,941.296,941.296,588.051032667
A-n27-k4-extremo,savings,interchange,1,1000,938.827,933.889,2.517942
A-n27-k4-extremo,savings,interchange,1,5000,941.296,941.296,108.457601667
A-n27-k4-extremo,savings,interchange,1,10000,941.296,941.296,608.858122667
A-n27-k4-extremo,savings,interchange,2,1000,941.296,941.296,2.773598
A-n27-k4-extremo,savings,interchange,2,5000,941.296,941.296,72.4975833333
A-n27-k4-extremo,savings,interchange,2,10000,941.296,941.296,264.790378333
A-n27-k4-extremo,savings,interchange,3,1000,941.296,941.296,1.96021766667
A-n27-k4-extremo,savings,interchange,3,5000,941.296,941.296,48.9591153333
A-n27-k4-extremo,savings,interchange,3,10000,941.296,941.296,219.630083667
A-n27-k4-extremo,savings,interchange,4,1000,941.296,941.296,4.02391266667
A-n27-k4-extremo,savings,interchange,4,5000,941.296,941.296,52.7860586667
A-n27-k4-extremo,savings,interchange,4,10000,941.296,941.296,196.453415333
A-n27-k4-extremo,savings,interchange,5,1000,941.296,941.296,4.78926233333
A-n27-k4-extremo,savings,interchange,5,5000,941.296,941.296,33.5164226667
A-n27-k4-extremo,savings,interchange,5,10000,941.296,941.296,132.753259333
A-n27-k4-extremo,savings,interchange,6,1000,941.296,941.296,1.10841133333
A-n27-k4-extremo,savings,interchange,6,5000,941.296,941.296,15.9551666667
A-n27-k4-extremo,savings,interchange,6,10000,940.259333333,938.186,59.0989803333
A-n27-k4-extremo,savings,interchange,7,1000,941.296,941.296,1.127352
A-n27-k4-extremo,savings,interchange,7,5000,941.296,941.296,15.9237293333
A-n27-k4-extremo,savings,interchange,7,10000,938.827,933.889,58.2696746667
A-n27-k4-extremo,savings,interchange,8,1000,941.296,941.296,1.15013433333
A-n27-k4-extremo,savings,interchange,8,5000,941.296,941.296,16.1725583333
A-n27-k4-extremo,savings,interchange,8,10000,941.296,941.296,60.4145123333
A-n27-k4-extremo,savings,interchange,9,1000,941.296,941.296,1.111868
A-n27-k4-extremo,savings,interchange,9,5000,941.296,941.296,15.9870623333
A-n27-k4-extremo,savings,interchange,9,10000,941.296,941.296,59.1428343333
A-n27-k4-extremo,savings,2-opt,0,1000,940.848333333,939.953,2.78635033333
A-n27-k4-extremo,savings,2-opt,0,5000,935.462666667,932.546,100.534575
A-n27-k4-extremo,savings,2-opt,0,10000,938.379333333,932.546,581.633016333
A-n27-k4-extremo,savings,2-opt,1,1000,941.296,941.296,5.026217
A-n27-k4-extremo,savings,2-opt,1,5000,935.462666667,932.546,146.934591
A-n27-k4-extremo,savings,2-opt,1,10000,938.358333333,932.546,654.754422333
A-n27-k4-extremo,savings,2-opt,2,1000,941.296,941.296,1.42216
A-n27-k4-extremo,savings,2-opt,2,5000,940.259333333,938.186,58.017819
A-n27-k4-extremo,savings,2-opt,2,10000,935.462666667,932.546,273.206746667
A-n27-k4-extremo,savings,2-opt,3,1000,941.296,941.296,4.66992133333
A-n27-k4-extremo,savings,2-opt,3,5000,938.379333333,932.546,43.7178183333
A-n27-k4-extremo,savings,2-opt,3,10000,932.546,932.546,185.320239
A-n27-k4-extremo,savings,2-opt,4,1000,941.296,941.296,4.070431
A-n27-k4-extremo,savings,2-opt,4,5000,941.296,941.296,38.2160613333
A-n27-k4-extremo,savings,2-opt,4,10000,941.296,941.296,217.714654333
A-n27-k4-extremo,savings,2-opt,5,1000,941.296,941.296,4.36940566667
A-n27-k4-extremo,savings,2-opt,5,5000,941.296,941.296,27.3993813333
A-n27-k4-extremo,savings,2-opt,5,10000,939.205,936.308,145.94079
A-n27-k4-extremo,savings,2-opt,6,1000,941.296,941.296,0.9189
A-n27-k4-extremo,savings,2-opt,6,5000,939.811666667,936.843,16.5988656667
A-n27-k4-extremo,savings,2-opt,6,10000,935.015,932.546,70.2268203333
A-n27-k4-extremo,savings,2-opt,7,1000,939.811666667,936.843,0.839477333333
A-n27-k4-extremo,savings,2-opt,7,5000,938.379333333,932.546,16.7567353333
A-n27-k4-extremo,savings,2-opt,7,10000,932.546,932.546,71.3348453333
A-n27-k4-extremo,savings,2-opt,8,1000,941.296,941.296,1.078259
A-n27-k4-extremo,savings,2-opt,8,5000,938.827,933.889,17.4214763333
A-n27-k4-extremo,savings,2-opt,8,10000,937.326666667,932.546,68.573832
A-n27-k4-extremo,savings,2-opt,9,1000,941.296,941.296,0.87071
A-n27-k4-extremo,savings,2-opt,9,5000,938.827,936.999,16.7910893333
A-n27-k4-extremo,savings,2-opt,9,10000,935.462666667,932.546,66.4841463333
A-n27-k4-extremo,sweep,interchange,0,1000,1020.31,1020.31,2.88404166667
A-n27-k4-extremo,sweep,interchange,0,5000,1020.31,1020.31,133.100038667
A-n27-k4-extremo,sweep,interchange,0,10000,1020.31,1020.31,640.843003667
A-n27-k4-extremo,sweep,interchange,1,1000,1020.31,1020.31,3.53712233333
A-n27-k4-extremo,sweep,interchange,1,5000,1020.31,1020.31,136.483528667
A-n27-k4-extremo,sweep,interchange,1,10000,1020.31,1020.31,594.128175667
A-n27-k4-extremo,sweep,interchange,2,1000,1020.31,1020.31,3.418472
A-n27-k4-extremo,sweep,interchange,2,5000,1020.31,1020.31,57.1068543333
A-n27-k4-extremo,sweep,interchange,2,10000,1020.31,1020.31,328.945056333
A-n27-k4-extremo,sweep,interchange,3,1000,1020.31,1020.31,3.434254
A-n27-k4-extremo,sweep,interchange,3,5000,1020.31,1020.31,40.0392743333
A-n27-k4-extremo,sweep,interchange,3,10000,1020.31,1020.31,198.844879333
A-n27-k4-extremo,sweep,interchange,4,1000,1018.54666667,1015.02,2.447865
A-n27-k4-extremo,sweep,interchange,4,5000,1020.31,1020.31,50.386653
A-n27-k4-extremo,sweep,interchange,4,10000,1020.31,1020.31,228.18706
A-n27-k4-extremo,sweep,interchange,5,1000,1020.31,1020.31,1.67206166667
A-n27-k4-extremo,sweep,interchange,5,5000,1020.31,1020.31,27.148217
A-n27-k4-extremo,sweep,interchange,5,10000,1018.54666667,1015.02,148.266713333
A-n27-k4-extremo,sweep,interchange,6,1000,1020.31,1020.31,1.26164666667
A-n27-k4-extremo,sweep,interchange,6,5000,1020.31,1020.31,16.5408256667
A-n27-k4-extremo,sweep,interchange,6,10000,1020.31,1020.31,59.694883
A-n27-k4-extremo,sweep,interchange,7,1000,1020.31,1020.31,1.19648566667
A-n27-k4-extremo,sweep,interchange,7,5000,1020.31,1020.31,16.72494
A-n27-k4-extremo,sweep,interchange,7,10000,1020.31,1020.31,60.229813
A-n27-k4-extremo,sweep,interchange,8,1000,1020.31,1020.31,1.24611433333
A-n27-k4-extremo,sweep,interchange,8,5000,1014.98666667,1004.34,16.957169
A-n27-k4-extremo,sweep,interchange,8,10000,1020.31,1020.31,61.33879
A-n27-k4-extremo,sweep,interchange,9,1000,1020.31,1020.31,1.258257
A-n27-k4-extremo,sweep,interchange,9,5000,1020.31,1020.31,16.618375
A-n27-k4-extremo,sweep,interchange,9,10000,1020.31,1020.31,60.568372
A-n27-k4-extremo,sweep,2-opt,0,1000,1010.17,989.89,6.494313
A-n27-k4-extremo,sweep,2-opt,0,5000,1010.17,989.89,93.3051766667
A-n27-k4-extremo,sweep,2-opt,0,10000,1004.27333333,989.89,499.590326667
A-n27-k4-extremo,sweep,2-opt,1,1000,1010.17,989.89,3.04282
A-n27-k4-extremo,sweep,2-opt,1,5000,991.769333333,989.89,111.57868
A-n27-k4-extremo,sweep,2-opt,1,10000,1003.41666667,989.89,656.094717667
A-n27-k4-extremo,sweep,2-opt,2,1000,1020.31,1020.31,5.180054
A-n27-k4-extremo,sweep,2-opt,2,5000,1006.755,990.435,54.4128233333
A-n27-k4-extremo,sweep,2-opt,2,10000,1001.63333333,989.89,311.705694333
A-n27-k4-extremo,sweep,2-opt,3,1000,1020.31,1020.31,3.011061
A-n27-k4-extremo,sweep,2-opt,3,5000,1004.18333333,989.89,40.5416736667
A-n27-k4-extremo,sweep,2-opt,3,10000,1000.51966667,990.435,187.363895667
A-n27-k4-extremo,sweep,2-opt,4,1000,1020.31,1020.31,2.14492233333
A-n27-k4-extremo,sweep,2-opt,4,5000,1008.46666667,998.19,43.8469306667
A-n27-k4-extremo,sweep,2-opt,4,10000,1003.77666667,989.89,197.497978
A-n27-k4-extremo,sweep,2-opt,5,1000,1020.31,1020.31,2.742626
A-n27-k4-extremo,sweep,2-opt,5,5000,1010.17,989.89,31.9431113333
A-n27-k4-extremo,sweep,2-opt,5,10000,994.36,989.89,148.943579667
A-n27-k4-extremo,sweep,2-opt,6,1000,1020.31,1020.31,0.813343333333
A-n27-k4-extremo,sweep,2-opt,6,5000,1007.29766667,994.983,16.2074553333
A-n27-k4-extremo,sweep,2-opt,6,10000,992.827666667,989.89,72.879848
A-n27-k4-extremo,sweep,2-opt,7,1000,1018.61333333,1015.22,0.821189333333
A-n27-k4-extremo,sweep,2-opt,7,5000,1009.75666667,1000.27,16.7929923333
A-n27-k4-extremo,sweep,2-opt,7,10000,998.456666667,989.89,64.2611453333
A-n27-k4-extremo,sweep,2-opt,8,1000,1004.60,989.89,0.838813333333
A-n27-k4-extremo,sweep,2-opt,8,5000,1013.06233333,998.567,19.2424506667
A-n27-k4-extremo,sweep,2-opt,8,10000,990.253333333,989.89,69.4319673333
A-n27-k4-extremo,sweep,2-opt,9,1000,1016.91666667,1015.22,0.819067666667
A-n27-k4-extremo,sweep,2-opt,9,5000,999.936666667,989.89,15.489022
A-n27-k4-extremo,sweep,2-opt,9,10000,993.76,989.89,67.5371283333
A-n27-k4-extremo,radial,interchange,0,1000,1042.59,1042.59,1.47064533333
A-n27-k4-extremo,radial,interchange,0,5000,1042.59,1042.59,93.466417
A-n27-k4-extremo,radial,interchange,0,10000,1042.59,1042.59,517.742636
A-n27-k4-extremo,radial,interchange,1,1000,1042.59,1042.59,6.18573966667
A-n27-k4-extremo,radial,interchange,1,5000,1042.59,1042.59,104.152782333
A-n27-k4-extremo,radial,interchange,1,10000,1040.99666667,1037.81,554.770925333
A-n27-k4-extremo,radial,interchange,2,1000,1042.59,1042.59,3.682752
A-n27-k4-extremo,radial,interchange,2,5000,1042.59,1042.59,51.759523
A-n27-k4-extremo,radial,interchange,2,10000,1042.59,1042.59,244.904728333
A-n27-k4-extremo,radial,interchange,3,1000,1042.59,1042.59,5.39423966667
A-n27-k4-extremo,radial,interchange,3,5000,1042.59,1042.59,41.4611473333
A-n27-k4-extremo,radial,interchange,3,10000,1042.59,1042.59,180.282600333
A-n27-k4-extremo,radial,interchange,4,1000,1042.59,1042.59,2.76206966667
A-n27-k4-extremo,radial,interchange,4,5000,1042.59,1042.59,47.3651136667
A-n27-k4-extremo,radial,interchange,4,10000,1042.59,1042.59,208.074711
A-n27-k4-extremo,radial,interchange,5,1000,1042.59,1042.59,2.78834866667
A-n27-k4-extremo,radial,interchange,5,5000,1042.59,1042.59,24.2189376667
A-n27-k4-extremo,radial,interchange,5,10000,1042.59,1042.59,149.445772667
A-n27-k4-extremo,radial,interchange,6,1000,1042.59,1042.59,1.10640366667
A-n27-k4-extremo,radial,interchange,6,5000,1042.59,1042.59,15.8414206667
A-n27-k4-extremo,radial,interchange,6,10000,1027.154,996.282,59.8144553333
A-n27-k4-extremo,radial,interchange,7,1000,1042.59,1042.59,1.08769433333
A-n27-k4-extremo,radial,interchange,7,5000,1042.59,1042.59,15.903666
A-n27-k4-extremo,radial,interchange,7,10000,1041.57333333,1039.54,59.8684706667
A-n27-k4-extremo,radial,interchange,8,1000,1042.59,1042.59,1.083551
A-n27-k4-extremo,radial,interchange,8,5000,1042.59,1042.59,16.1852933333
A-n27-k4-extremo,radial,interchange,8,10000,1042.59,1042.59,60.7734086667
A-n27-k4-extremo,radial,interchange,9,1000,1042.59,1042.59,1.099595
A-n27-k4-extremo,radial,interchange,9,5000,1042.59,1042.59,16.022994
A-n27-k4-extremo,radial,interchange,9,10000,1042.59,1042.59,58.2340196667
A-n27-k4-extremo,radial,2-opt,0,1000,1031.18,1008.36,2.02665833333
A-n27-k4-extremo,radial,2-opt,0,5000,1031.17,1008.36,191.002580333
A-n27-k4-extremo,radial,2-opt,0,10000,1028.76666667,1008.36,904.985013
A-n27-k4-extremo,radial,2-opt,1,1000,1042.59,1042.59,5.62984166667
A-n27-k4-extremo,radial,2-opt,1,5000,1027.52666667,1011.31,158.865729
A-n27-k4-extremo,radial,2-opt,1,10000,1025.16666667,1015.72,822.026149667
A-n27-k4-extremo,radial,2-opt,2,1000,1028.34666667,1008.36,5.03394833333
A-n27-k4-extremo,radial,2-opt,2,5000,1023.84,1008.36,114.634242333
A-n27-k4-extremo,radial,2-opt,2,10000,1032.16333333,1011.31,446.63306
A-n27-k4-extremo,radial,2-opt,3,1000,1042.59,1042.59,1.650264
A-n27-k4-extremo,radial,2-opt,3,5000,1025.85,1014.65,61.867416
A-n27-k4-extremo,radial,2-opt,3,10000,1021.19333333,1017.19,321.668211333
A-n27-k4-extremo,radial,2-opt,4,1000,1031.18,1008.36,2.230053
A-n27-k4-extremo,radial,2-opt,4,5000,1009.53666667,1008.36,92.944304
A-n27-k4-extremo,radial,2-opt,4,10000,1011.82666667,1008.36,343.472163
A-n27-k4-extremo,radial,2-opt,5,1000,1042.54666667,1042.46,2.59296833333
A-n27-k4-extremo,radial,2-opt,5,5000,1036.43,1024.11,37.837434
A-n27-k4-extremo,radial,2-opt,5,10000,1028.74333333,1008.36,223.307837667
A-n27-k4-extremo,radial,2-opt,6,1000,1042.59,1042.59,0.825097666667
A-n27-k4-extremo,radial,2-opt,6,5000,1042.59,1042.59,15.51667
A-n27-k4-extremo,radial,2-opt,6,10000,1016.90333333,1008.36,66.6564126667
A-n27-k4-extremo,radial,2-opt,7,1000,1042.59,1042.59,0.817908
A-n27-k4-extremo,radial,2-opt,7,5000,1039.72333333,1033.99,16.385199
A-n27-k4-extremo,radial,2-opt,7,10000,1018.86,1008.36,69.77204
A-n27-k4-extremo,radial,2-opt,8,1000,1042.59,1042.59,1.22947066667
A-n27-k4-extremo,radial,2-opt,8,5000,1038.33333333,1032.77,17.232677
A-n27-k4-extremo,radial,2-opt,8,10000,1026.81333333,1008.36,70.0397
A-n27-k4-extremo,radial,2-opt,9,1000,1042.59,1042.59,0.829493666667
A-n27-k4-extremo,radial,2-opt,9,5000,1041.72333333,1039.99,15.615539
A-n27-k4-extremo,radial,2-opt,9,10000,1027.82,1016.52,67.1794736667
A-n27-k4-extremo,goloso,interchange,0,1000,1083.88,1083.88,2.599353
A-n27-k4-extremo,goloso,interchange,0,5000,1083.88,1083.88,105.654478667
A-n27-k4-extremo,goloso,interchange,0,10000,1083.88,1083.88,642.117513333
A-n27-k4-extremo,goloso,interchange,1,1000,1083.88,1083.88,3.31153933333
A-n27-k4-extremo,goloso,interchange,1,5000,1082.30333333,1079.15,102.469136
A-n27-k4-extremo,goloso,interchange,1,10000,1083.88,1083.88,605.519086333
A-n27-k4-extremo,goloso,interchange,2,1000,1083.88,1083.88,3.122557
A-n27-k4-extremo,goloso,interchange,2,5000,1082.52666667,1079.82,64.5130646667
A-n27-k4-extremo,goloso,interchange,2,10000,1083.88,1083.88,262.285851
A-n27-k4-extremo,goloso,interchange,3,1000,1083.88,1083.88,4.009393
A-n27-k4-extremo,goloso,interchange,3,5000,1083.88,1083.88,36.321356
A-n27-k4-extremo,goloso,interchange,3,10000,1083.88,1083.88,188.418519333
A-n27-k4-extremo,goloso,interchange,4,1000,1083.88,1083.88,3.10556
A-n27-k4-extremo,goloso,interchange,4,5000,1083.88,1083.88,40.4785106667
A-n27-k4-extremo,goloso,interchange,4,10000,1083.88,1083.88,223.846638667
A-n27-k4-extremo,goloso,interchange,5,1000,1083.88,1083.88,2.30873333333
A-n27-k4-extremo,goloso,interchange,5,5000,1083.18333333,1081.79,28.061421
A-n27-k4-extremo,goloso,interchange,5,10000,1083.88,1083.88,124.078473667
A-n27-k4-extremo,goloso,interchange,6,1000,1083.88,1083.88,1.00098
A-n27-k4-extremo,goloso,interchange,6,5000,1082.30333333,1079.15,15.3371543333
A-n27-k4-extremo,goloso,interchange,6,10000,1081.96333333,1078.13,58.292362
A-n27-k4-extremo,goloso,interchange,7,1000,1083.88,1083.88,1.01723766667
A-n27-k4-extremo,goloso,interchange,7,5000,1082.30333333,1079.15,15.2866686667
A-n27-k4-extremo,goloso,interchange,7,10000,1083.88,1083.88,58.2481623333
A-n27-k4-extremo,goloso,interchange,8,1000,1083.88,1083.88,1.04225333333
A-n27-k4-extremo,goloso,interchange,8,5000,1083.88,1083.88,15.5184943333
A-n27-k4-extremo,goloso,interchange,8,10000,1081.46666667,1076.64,60.8751893333
A-n27-k4-extremo,goloso,interchange,9,1000,1083.88,1083.88,0.999590666667
A-n27-k4-extremo,goloso,interchange,9,5000,1083.88,1083.88,15.5035476667
A-n27-k4-extremo,goloso,interchange,9,10000,1083.88,1083.88,58.472192
A-n27-k4-extremo,goloso,2-opt,0,1000,1083.33666667,1082.25,2.83580766667
A-n27-k4-extremo,goloso,2-opt,0,5000,1064.89,1048.84,100.564671667
A-n27-k4-extremo,goloso,2-opt,0,10000,1056.36666667,1052.85,548.436457667
A-n27-k4-extremo,goloso,2-opt,1,1000,1080.27333333,1073.06,6.79939366667
A-n27-k4-extremo,goloso,2-opt,1,5000,1056.68,1047.21,117.688437667
A-n27-k4-extremo,goloso,2-opt,1,10000,1058.38666667,1047.21,710.914626667
A-n27-k4-extremo,goloso,2-opt,2,1000,1081.16,1077.53,4.211182
A-n27-k4-extremo,goloso,2-opt,2,5000,1069.67,1047.21,58.3819533333
A-n27-k4-extremo,goloso,2-opt,2,10000,1060.41333333,1047.21,309.724971667
A-n27-k4-extremo,goloso,2-opt,3,1000,1082.30333333,1079.15,0.87135
A-n27-k4-extremo,goloso,2-opt,3,5000,1083.88,1083.88,45.3787866667
A-n27-k4-extremo,goloso,2-opt,3,10000,1051.20,1047.21,221.224339333
A-n27-k4-extremo,goloso,2-opt,4,1000,1083.88,1083.88,3.44676466667
A-n27-k4-extremo,goloso,2-opt,4,5000,1071.58666667,1063.43,51.4702826667
A-n27-k4-extremo,goloso,2-opt,4,10000,1058.22,1047.21,267.650941667
A-n27-k4-extremo,goloso,2-opt,5,1000,1080.64666667,1074.18,1.48431833333
A-n27-k4-extremo,goloso,2-opt,5,5000,1076.47333333,1072.42,29.010892
A-n27-k4-extremo,goloso,2-opt,5,10000,1074.98,1068.46,148.273216333
A-n27-k4-extremo,goloso,2-opt,6,1000,1077.16666667,1063.74,0.845193666667
A-n27-k4-extremo,goloso,2-opt,6,5000,1067.25,1054.76,17.246792
A-n27-k4-extremo,goloso,2-opt,6,10000,1062.87,1052.49,63.768832
A-n27-k4-extremo,goloso,2-opt,7,1000,1081.15333333,1075.70,0.847859
A-n27-k4-extremo,goloso,2-opt,7,5000,1073.89666667,1053.93,15.9693746667
A-n27-k4-extremo,goloso,2-opt,7,10000,1057.70,1052.85,65.04623
A-n27-k4-extremo,goloso,2-opt,8,1000,1083.88,1083.88,0.897733666667
A-n27-k4-extremo,goloso,2-opt,8,5000,1065.55,1052.85,18.3675293333
A-n27-k4-extremo,goloso,2-opt,8,10000,1065.77,1056.57,75.4753893333
A-n27-k4-extremo,goloso,2-opt,9,1000,1082.52666667,1079.82,0.832377
A-n27-k4-extremo,goloso,2-opt,9,5000,1077.57666667,1064.97,16.511666
A-n27-k4-extremo,goloso,2-opt,9,10000,1061.22666667,1052.85,65.299804
