File,heuristica_inicial,vecindad,break_point,valor,tiempo
A-n32-k5-extremo,savings,interchange,0,1000,1079.57,1079.57,3.79917
A-n32-k5-extremo,savings,interchange,0,5000,1079.57,1079.57,174.100104
A-n32-k5-extremo,savings,interchange,0,10000,1079.57,1079.57,985.226166667
A-n32-k5-extremo,savings,interchange,1,1000,1079.57,1079.57,6.75246066667
A-n32-k5-extremo,savings,interchange,1,5000,1079.57,1079.57,190.007968333
A-n32-k5-extremo,savings,interchange,1,10000,1079.57,1079.57,928.675329333
A-n32-k5-extremo,savings,interchange,2,1000,1079.57,1079.57,6.415856
A-n32-k5-extremo,savings,interchange,2,5000,1079.57,1079.57,87.2828906667
A-n32-k5-extremo,savings,interchange,2,10000,1079.57,1079.57,505.767359333
A-n32-k5-extremo,savings,interchange,3,1000,1079.57,1079.57,5.16355766667
A-n32-k5-extremo,savings,interchange,3,5000,1079.57,1079.57,77.5446233333
A-n32-k5-extremo,savings,interchange,3,10000,1079.57,1079.57,293.619285333
A-n32-k5-extremo,savings,interchange,4,1000,1079.57,1079.57,4.67270033333
A-n32-k5-extremo,savings,interchange,4,5000,1079.57,1079.57,69.369761
A-n32-k5-extremo,savings,interchange,4,10000,1079.57,1079.57,353.801574667
A-n32-k5-extremo,savings,interchange,5,1000,1079.57,1079.57,6.51725566667
A-n32-k5-extremo,savings,interchange,5,5000,1079.57,1079.57,46.6369656667
A-n32-k5-extremo,savings,interchange,5,10000,1079.57,1079.57,216.400019333
A-n32-k5-extremo,savings,interchange,6,1000,1079.57,1079.57,1.44151733333
A-n32-k5-extremo,savings,interchange,6,5000,1079.57,1079.57,19.4308903333
A-n32-k5-extremo,savings,interchange,6,10000,1079.57,1079.57,72.362324
A-n32-k5-extremo,savings,interchange,7,1000,1079.57,1079.57,1.40458833333
A-n32-k5-extremo,savings,interchange,7,5000,1079.57,1079.57,19.7356233333
A-n32-k5-extremo,savings,interchange,7,10000,1079.57,1079.57,73.2352936667
A-n32-k5-extremo,savings,interchange,8,1000,1079.57,1079.57,1.705579
A-n32-k5-extremo,savings,interchange,8,5000,1079.57,1079.57,21.9315366667
A-n32-k5-extremo,savings,interchange,8,10000,1079.57,1079.57,80.1387333333
A-n32-k5-extremo,savings,interchange,9,1000,1079.57,1079.57,1.426635
A-n32-k5-extremo,savings,interchange,9,5000,1079.57,1079.57,19.5842176667
A-n32-k5-extremo,savings,interchange,9,10000,1079.57,1079.57,72.8490686667
A-n32-k5-extremo,savings,2-opt,0,1000,1079.57,1079.57,3.56315633333
A-n32-k5-extremo,savings,2-opt,0,5000,1079.49333333,1079.34,162.586305
A-n32-k5-extremo,savings,2-opt,0,10000,1076.61666667,1075.95,787.618306
A-n32-k5-extremo,savings,2-opt,1,1000,1079.57,1079.57,3.10619566667
A-n32-k5-extremo,savings,2-opt,1,5000,1078.36333333,1075.95,153.864653
A-n32-k5-extremo,savings,2-opt,1,10000,1079.46333333,1079.25,850.495257333
A-n32-k5-extremo,savings,2-opt,2,1000,1079.57,1079.57,4.65663066667
A-n32-k5-extremo,savings,2-opt,2,5000,1079.05666667,1078.03,83.2236426667
A-n32-k5-extremo,savings,2-opt,2,10000,1077.82333333,1075.95,384.309765
A-n32-k5-extremo,savings,2-opt,3,1000,1077.85,1075.95,1.98357
A-n32-k5-extremo,savings,2-opt,3,5000,1079.05666667,1078.03,51.241624
A-n32-k5-extremo,savings,2-opt,3,10000,1078.62,1078.03,257.598462333
A-n32-k5-extremo,savings,2-opt,4,1000,1079.57,1079.57,1.591045
A-n32-k5-extremo,savings,2-opt,4,5000,1079.49,1079.33,51.0251043333
A-n32-k5-extremo,savings,2-opt,4,10000,1077.85,1075.95,305.904000333
A-n32-k5-extremo,savings,2-opt,5,1000,1079.57,1079.57,4.253378
A-n32-k5-extremo,savings,2-opt,5,5000,1079.57,1079.57,43.746128
A-n32-k5-extremo,savings,2-opt,5,10000,1078.32666667,1075.95,195.128235333
A-n32-k5-extremo,savings,2-opt,6,1000,1079.57,1079.57,1.04952933333
A-n32-k5-extremo,savings,2-opt,6,5000,1079.49,1079.33,19.293027
A-n32-k5-extremo,savings,2-opt,6,10000,1078.89666667,1078.03,81.8248806667
A-n32-k5-extremo,savings,2-opt,7,1000,1079.49,1079.33,1.03304733333
A-n32-k5-extremo,savings,2-opt,7,5000,1079.57,1079.57,20.375421
A-n32-k5-extremo,savings,2-opt,7,10000,1078.97666667,1078.03,79.9009046667
A-n32-k5-extremo,savings,2-opt,8,1000,1079.49,1079.33,1.20726033333
A-n32-k5-extremo,savings,2-opt,8,5000,1079.57,1079.57,19.6215556667
A-n32-k5-extremo,savings,2-opt,8,10000,1078.57,1076.57,93.5491666667
A-n32-k5-extremo,savings,2-opt,9,1000,1079.49,1079.33,1.077247
A-n32-k5-extremo,savings,2-opt,9,5000,1079.57,1079.57,19.164089
A-n32-k5-extremo,savings,2-opt,9,10000,1078.97666667,1078.03,80.339019
A-n32-k5-extremo,sweep,interchange,0,1000,1548.46666667,1542.42,13.0663323333
A-n32-k5-extremo,sweep,interchange,0,5000,1541.15333333,1539.31,178.169442
A-n32-k5-extremo,sweep,interchange,0,10000,1551.49,1551.49,865.399451333
A-n32-k5-extremo,sweep,interchange,1,1000,1551.49,1551.49,14.59087
A-n32-k5-extremo,sweep,interchange,1,5000,1518.31333333,1451.96,168.158774
A-n32-k5-extremo,sweep,interchange,1,10000,1549.10666667,1544.34,961.292730667
A-n32-k5-extremo,sweep,interchange,2,1000,1551.49,1551.49,5.119201
A-n32-k5-extremo,sweep,interchange,2,5000,1551.49,1551.49,93.998503
A-n32-k5-extremo,sweep,interchange,2,10000,1551.49,1551.49,495.084017667
A-n32-k5-extremo,sweep,interchange,3,1000,1551.49,1551.49,4.965107
A-n32-k5-extremo,sweep,interchange,3,5000,1527.79666667,1480.41,78.2411783333
A-n32-k5-extremo,sweep,interchange,3,10000,1551.49,1551.49,263.583734333
A-n32-k5-extremo,sweep,interchange,4,1000,1551.49,1551.49,4.92448433333
A-n32-k5-extremo,sweep,interchange,4,5000,1551.49,1551.49,72.539901
A-n32-k5-extremo,sweep,interchange,4,10000,1551.49,1551.49,322.046530333
A-n32-k5-extremo,sweep,interchange,5,1000,1551.44666667,1551.36,2.600225
A-n32-k5-extremo,sweep,interchange,5,5000,1551.49,1551.49,48.61041
A-n32-k5-extremo,sweep,interchange,5,10000,1523.82666667,1482.54,216.136190333
A-n32-k5-extremo,sweep,interchange,6,1000,1551.49,1551.49,1.61984833333
A-n32-k5-extremo,sweep,interchange,6,5000,1551.49,1551.49,20.934554
A-n32-k5-extremo,sweep,interchange,6,10000,1478.14,1423.53,73.7431526667
A-n32-k5-extremo,sweep,interchange,7,1000,1527.42333333,1479.29,1.60156133333
A-n32-k5-extremo,sweep,interchange,7,5000,1521.02,1460.08,20.644761
A-n32-k5-extremo,sweep,interchange,7,10000,1454.18666667,1425.27,75.0080256667
A-n32-k5-extremo,sweep,interchange,8,1000,1551.49,1551.49,1.830234
A-n32-k5-extremo,sweep,interchange,8,5000,1551.49,1551.49,21.6617326667
A-n32-k5-extremo,sweep,interchange,8,10000,1532.28333333,1493.87,76.7253013333
A-n32-k5-extremo,sweep,interchange,9,1000,1537.85,1510.57,1.65743266667
A-n32-k5-extremo,sweep,interchange,9,5000,1540.17666667,1517.55,21.0448496667
A-n32-k5-extremo,sweep,interchange,9,10000,1519.84,1506.42,74.4716416667
A-n32-k5-extremo,sweep,2-opt,0,1000,1428.56333333,1290.64,7.8277
A-n32-k5-extremo,sweep,2-opt,0,5000,1353.85,1300.93,170.220059
A-n32-k5-extremo,sweep,2-opt,0,10000,1302.26,1290.64,1076.838798
A-n32-k5-extremo,sweep,2-opt,1,1000,1508.29333333,1446.05,8.19673966667
A-n32-k5-extremo,sweep,2-opt,1,5000,1326.92,1303.24,199.488213667
A-n32-k5-extremo,sweep,2-opt,1,10000,1320.69666667,1290.64,1159.48749567
A-n32-k5-extremo,sweep,2-opt,2,1000,1451.80333333,1362.78,7.38118766667
A-n32-k5-extremo,sweep,2-opt,2,5000,1307.82666667,1293.18,126.721028667
A-n32-k5-extremo,sweep,2-opt,2,10000,1314.73666667,1290.64,606.429206
A-n32-k5-extremo,sweep,2-opt,3,1000,1545.80666667,1534.44,4.48196533333
A-n32-k5-extremo,sweep,2-opt,3,5000,1314.77333333,1298.38,83.614085
A-n32-k5-extremo,sweep,2-opt,3,10000,1301.47,1297.91,345.451618667
A-n32-k5-extremo,sweep,2-opt,4,1000,1520.00333333,1491.15,4.48055033333
A-n32-k5-extremo,sweep,2-opt,4,5000,1315.76,1290.64,83.448127
A-n32-k5-extremo,sweep,2-opt,4,10000,1312.65333333,1301.52,401.002739667
A-n32-k5-extremo,sweep,2-opt,5,1000,1551.49,1551.49,4.285712
A-n32-k5-extremo,sweep,2-opt,5,5000,1306.69333333,1293.68,49.5734236667
A-n32-k5-extremo,sweep,2-opt,5,10000,1308.83,1303.57,283.989354333
A-n32-k5-extremo,sweep,2-opt,6,1000,1467.39,1423.32,1.12972466667
A-n32-k5-extremo,sweep,2-opt,6,5000,1323.48333333,1295.67,20.2456766667
A-n32-k5-extremo,sweep,2-opt,6,10000,1292.74666667,1290.64,85.8853983333
A-n32-k5-extremo,sweep,2-opt,7,1000,1495.19333333,1445.98,1.0286
A-n32-k5-extremo,sweep,2-opt,7,5000,1355.64666667,1290.64,21.7139316667
A-n32-k5-extremo,sweep,2-opt,7,10000,1304.27666667,1296.83,84.2973953333
A-n32-k5-extremo,sweep,2-opt,8,1000,1551.49,1551.49,1.26435033333
A-n32-k5-extremo,sweep,2-opt,8,5000,1343.97666667,1290.64,20.4808823333
A-n32-k5-extremo,sweep,2-opt,8,10000,1302.03333333,1291.53,91.0319463333
A-n32-k5-extremo,sweep,2-opt,9,1000,1514.34333333,1440.34,1.05229933333
A-n32-k5-extremo,sweep,2-opt,9,5000,1414.59,1392.3019.6463276667
A-n32-k5-extremo,sweep,2-opt,9,10000,1290.64,1290.64,80.5409506667
A-n32-k5-extremo,radial,interchange,0,1000,1311.85,1311.85,5.930241
A-n32-k5-extremo,radial,interchange,0,5000,1311.85,1311.85,159.514236333
A-n32-k5-extremo,radial,interchange,0,10000,1311.85,1311.85,739.254206
A-n32-k5-extremo,radial,interchange,1,1000,1311.85,1311.85,10.2903936667
A-n32-k5-extremo,radial,interchange,1,5000,1311.85,1311.85,165.920639333
A-n32-k5-extremo,radial,interchange,1,10000,1311.85,1311.85,779.327485667
A-n32-k5-extremo,radial,interchange,2,1000,1311.85,1311.85,3.202442
A-n32-k5-extremo,radial,interchange,2,5000,1311.85,1311.85,84.640031
A-n32-k5-extremo,radial,interchange,2,10000,1311.85,1311.85,406.130906667
A-n32-k5-extremo,radial,interchange,3,1000,1311.85,1311.85,2.057459
A-n32-k5-extremo,radial,interchange,3,5000,1311.85,1311.85,62.734161
A-n32-k5-extremo,radial,interchange,3,10000,1311.85,1311.85,266.084388
A-n32-k5-extremo,radial,interchange,4,1000,1311.85,1311.85,2.13233933333
A-n32-k5-extremo,radial,interchange,4,5000,1311.85,1311.85,57.8482433333
A-n32-k5-extremo,radial,interchange,4,10000,1311.85,1311.85,263.006750333
A-n32-k5-extremo,radial,interchange,5,1000,1311.85,1311.85,4.72031233333
A-n32-k5-extremo,radial,interchange,5,5000,1311.85,1311.85,49.7254006667
A-n32-k5-extremo,radial,interchange,5,10000,1311.85,1311.85,163.840557333
A-n32-k5-extremo,radial,interchange,6,1000,1311.85,1311.85,1.723628
A-n32-k5-extremo,radial,interchange,6,5000,1311.85,1311.85,20.6493906667
A-n32-k5-extremo,radial,interchange,6,10000,1311.29,1310.17,74.7288823333
A-n32-k5-extremo,radial,interchange,7,1000,1311.85,1311.85,1.67577233333
A-n32-k5-extremo,radial,interchange,7,5000,1311.85,1311.85,20.882595
A-n32-k5-extremo,radial,interchange,7,10000,1310.04666667,1306.44,74.6858643333
A-n32-k5-extremo,radial,interchange,8,1000,1311.85,1311.85,1.87767533333
A-n32-k5-extremo,radial,interchange,8,5000,1311.85,1311.85,22.6027436667
A-n32-k5-extremo,radial,interchange,8,10000,1311.85,1311.85,79.9411156667
A-n32-k5-extremo,radial,interchange,9,1000,1309.03666667,1303.41,1.65674766667
A-n32-k5-extremo,radial,interchange,9,5000,1311.85,1311.85,20.8569883333
A-n32-k5-extremo,radial,interchange,9,10000,1311.85,1311.85,74.91329
A-n32-k5-extremo,radial,2-opt,0,1000,1311.85,1311.85,7.491793
A-n32-k5-extremo,radial,2-opt,0,5000,1310.201306.90191.427381333
A-n32-k5-extremo,radial,2-opt,0,10000,1306.19,1294.87,1113.41752467
A-n32-k5-extremo,radial,2-opt,1,1000,1300.53,1294.87,4.279624
A-n32-k5-extremo,radial,2-opt,1,5000,1308.49,1304.37,202.473576667
A-n32-k5-extremo,radial,2-opt,1,10000,1304.92666667,1300.99,995.631271333
A-n32-k5-extremo,radial,2-opt,2,1000,1311.85,1311.85,5.799042
A-n32-k5-extremo,radial,2-opt,2,5000,1311.85,1311.85,98.79849
A-n32-k5-extremo,radial,2-opt,2,10000,1307.00,1297.30537.481836333
A-n32-k5-extremo,radial,2-opt,3,1000,1311.85,1311.85,2.74292233333
A-n32-k5-extremo,radial,2-opt,3,5000,1309.60666667,1305.12,67.8114576667
A-n32-k5-extremo,radial,2-opt,3,10000,1300.53,1294.87,364.442588
A-n32-k5-extremo,radial,2-opt,4,1000,1311.85,1311.85,6.49910733333
A-n32-k5-extremo,radial,2-opt,4,5000,1311.85,1311.85,72.2726153333
A-n32-k5-extremo,radial,2-opt,4,10000,1305.47333333,1294.87,425.414118333
A-n32-k5-extremo,radial,2-opt,5,1000,1311.85,1311.85,3.41881766667
A-n32-k5-extremo,radial,2-opt,5,5000,1305.56666667,1297.3052.816099
A-n32-k5-extremo,radial,2-opt,5,10000,1304.69,1294.87,263.409689333
A-n32-k5-extremo,radial,2-opt,6,1000,1311.85,1311.85,0.993402333333
A-n32-k5-extremo,radial,2-opt,6,5000,1310.41666667,1307.55,19.3034916667
A-n32-k5-extremo,radial,2-opt,6,10000,1301.28333333,1297.3083.1809206667
A-n32-k5-extremo,radial,2-opt,7,1000,1310.41666667,1307.55,0.996659
A-n32-k5-extremo,radial,2-opt,7,5000,1304.23666667,1297.3021.7937743333
A-n32-k5-extremo,radial,2-opt,7,10000,1297.301297.3084.6665813333
A-n32-k5-extremo,radial,2-opt,8,1000,1308.61333333,1302.14,1.334228
A-n32-k5-extremo,radial,2-opt,8,5000,1311.85,1311.85,26.3670546667
A-n32-k5-extremo,radial,2-opt,8,10000,1308.66666667,1302.61,89.1755343333
A-n32-k5-extremo,radial,2-opt,9,1000,1311.85,1311.85,1.002187
A-n32-k5-extremo,radial,2-opt,9,5000,1302.15,1297.3022.4223456667
A-n32-k5-extremo,radial,2-opt,9,10000,1296.49,1294.87,82.6831503333
A-n32-k5-extremo,goloso,interchange,0,1000,1283.51,1283.51,7.674949
A-n32-k5-extremo,goloso,interchange,0,5000,1283.51,1283.51,162.142180333
A-n32-k5-extremo,goloso,interchange,0,10000,1283.51,1283.51,916.152514667
A-n32-k5-extremo,goloso,interchange,1,1000,1283.51,1283.51,4.07807033333
A-n32-k5-extremo,goloso,interchange,1,5000,1276.29,1261.85,171.953002
A-n32-k5-extremo,goloso,interchange,1,10000,1283.51,1283.51,930.772546667
A-n32-k5-extremo,goloso,interchange,2,1000,1280.08666667,1273.24,3.77027733333
A-n32-k5-extremo,goloso,interchange,2,5000,1283.51,1283.51,110.631918667
A-n32-k5-extremo,goloso,interchange,2,10000,1283.51,1283.51,510.646083667
A-n32-k5-extremo,goloso,interchange,3,1000,1283.51,1283.51,9.786462
A-n32-k5-extremo,goloso,interchange,3,5000,1272.32333333,1249.95,66.9128703333
A-n32-k5-extremo,goloso,interchange,3,10000,1283.51,1283.51,317.37713
A-n32-k5-extremo,goloso,interchange,4,1000,1283.51,1283.51,7.48470566667
A-n32-k5-extremo,goloso,interchange,4,5000,1283.51,1283.51,77.0664763333
A-n32-k5-extremo,goloso,interchange,4,10000,1280.13,1275.32,348.459932667
A-n32-k5-extremo,goloso,interchange,5,1000,1283.51,1283.51,2.217191
A-n32-k5-extremo,goloso,interchange,5,5000,1283.51,1283.51,50.9577426667
A-n32-k5-extremo,goloso,interchange,5,10000,1272.18666667,1249.54,216.1171
A-n32-k5-extremo,goloso,interchange,6,1000,1283.51,1283.51,1.456557
A-n32-k5-extremo,goloso,interchange,6,5000,1283.51,1283.51,19.4318173333
A-n32-k5-extremo,goloso,interchange,6,10000,1283.51,1283.51,72.273854
A-n32-k5-extremo,goloso,interchange,7,1000,1283.51,1283.51,1.39448066667
A-n32-k5-extremo,goloso,interchange,7,5000,1283.51,1283.51,19.454738
A-n32-k5-extremo,goloso,interchange,7,10000,1258.39,1242.12,72.9350756667
A-n32-k5-extremo,goloso,interchange,8,1000,1283.51,1283.51,1.59253766667
A-n32-k5-extremo,goloso,interchange,8,5000,1283.51,1283.51,19.9520946667
A-n32-k5-extremo,goloso,interchange,8,10000,1283.06666667,1282.18,78.1165246667
A-n32-k5-extremo,goloso,interchange,9,1000,1283.51,1283.51,1.40123766667
A-n32-k5-extremo,goloso,interchange,9,5000,1283.51,1283.51,19.5111383333
A-n32-k5-extremo,goloso,interchange,9,10000,1283.51,1283.51,72.5212236667
A-n32-k5-extremo,goloso,2-opt,0,1000,1266.39,1243.908.233561
A-n32-k5-extremo,goloso,2-opt,0,5000,1258.91333333,1243.90142.345462333
A-n32-k5-extremo,goloso,2-opt,0,10000,1263.69,1251.89,820.125982333
A-n32-k5-extremo,goloso,2-opt,1,1000,1270.30666667,1243.909.04572166667
A-n32-k5-extremo,goloso,2-opt,1,5000,1256.59333333,1254.09,160.774082667
A-n32-k5-extremo,goloso,2-opt,1,10000,1266.60333333,1254.84,878.305977
A-n32-k5-extremo,goloso,2-opt,2,1000,1283.51,1283.51,3.627773
A-n32-k5-extremo,goloso,2-opt,2,5000,1272.75,1251.23,93.584461
A-n32-k5-extremo,goloso,2-opt,2,10000,1268.51,1243.90469.254009
A-n32-k5-extremo,goloso,2-opt,3,1000,1283.51,1283.51,1.928614
A-n32-k5-extremo,goloso,2-opt,3,5000,1267.72333333,1252.05,69.8470706667
A-n32-k5-extremo,goloso,2-opt,3,10000,1271.51666667,1257.20287.368021667
A-n32-k5-extremo,goloso,2-opt,4,1000,1273.95333333,1254.84,6.04921966667
A-n32-k5-extremo,goloso,2-opt,4,5000,1273.74,1254.2057.5610266667
A-n32-k5-extremo,goloso,2-opt,4,10000,1267.24666667,1253.91,308.174484333
A-n32-k5-extremo,goloso,2-opt,5,1000,1281.28,1276.82,1.68604166667
A-n32-k5-extremo,goloso,2-opt,5,5000,1271.57333333,1265.15,38.461926
A-n32-k5-extremo,goloso,2-opt,5,10000,1267.52666667,1252.46,220.615345333
A-n32-k5-extremo,goloso,2-opt,6,1000,1281.86666667,1278.61,1.127465
A-n32-k5-extremo,goloso,2-opt,6,5000,1265.63333333,1256.49,20.594048
A-n32-k5-extremo,goloso,2-opt,6,10000,1253.69,1249.54,82.1513193333
A-n32-k5-extremo,goloso,2-opt,7,1000,1280.78,1275.32,1.04771666667
A-n32-k5-extremo,goloso,2-opt,7,5000,1271.03666667,1252.94,20.7798363333
A-n32-k5-extremo,goloso,2-opt,7,10000,1261.75666667,1249.54,81.495243
A-n32-k5-extremo,goloso,2-opt,8,1000,1283.51,1283.51,1.13656466667
A-n32-k5-extremo,goloso,2-opt,8,5000,1260.49,1246.04,23.176439
A-n32-k5-extremo,goloso,2-opt,8,10000,1255.95,1247.99,84.851808
A-n32-k5-extremo,goloso,2-opt,9,1000,1283.51,1283.51,1.03800766667
A-n32-k5-extremo,goloso,2-opt,9,5000,1276.09,1265.33,21.9124296667
A-n32-k5-extremo,goloso,2-opt,9,10000,1256.17,1245.75,78.238546
