File,heuristica_inicial,vecindad,break_point,valor,tiempo
test_caso1,savings,interchange,0,1000,251.56,251.56,12.105755
test_caso1,savings,interchange,0,5000,251.56,251.56,247.170715333
test_caso1,savings,interchange,0,10000,251.56,251.56,938.417794333
test_caso1,savings,interchange,1,1000,251.56,251.56,6.808691
test_caso1,savings,interchange,1,5000,251.56,251.56,219.509675
test_caso1,savings,interchange,1,10000,251.56,251.56,922.834363333
test_caso1,savings,interchange,2,1000,251.56,251.56,7.43605966667
test_caso1,savings,interchange,2,5000,251.56,251.56,115.439598333
test_caso1,savings,interchange,2,10000,251.56,251.56,489.068105333
test_caso1,savings,interchange,3,1000,251.56,251.56,4.729778
test_caso1,savings,interchange,3,5000,251.56,251.56,99.8450376667
test_caso1,savings,interchange,3,10000,251.56,251.56,327.364296667
test_caso1,savings,interchange,4,1000,251.56,251.56,5.76498
test_caso1,savings,interchange,4,5000,251.56,251.56,127.461668
test_caso1,savings,interchange,4,10000,251.56,251.56,379.005317
test_caso1,savings,interchange,5,1000,251.56,251.56,3.485656
test_caso1,savings,interchange,5,5000,251.56,251.56,60.860792
test_caso1,savings,interchange,5,10000,251.56,251.56,221.459608667
test_caso1,savings,interchange,6,1000,251.56,251.56,2.498233
test_caso1,savings,interchange,6,5000,251.56,251.56,22.7887756667
test_caso1,savings,interchange,6,10000,251.56,251.56,74.462797
test_caso1,savings,interchange,7,1000,251.56,251.56,2.49763
test_caso1,savings,interchange,7,5000,251.56,251.56,22.655523
test_caso1,savings,interchange,7,10000,251.56,251.56,73.0199183333
test_caso1,savings,interchange,8,1000,251.56,251.56,3.75181433333
test_caso1,savings,interchange,8,5000,251.56,251.56,25.5580063333
test_caso1,savings,interchange,8,10000,251.56,251.56,81.9628356667
test_caso1,savings,interchange,9,1000,251.56,251.56,2.557574
test_caso1,savings,interchange,9,5000,251.56,251.56,22.799338
test_caso1,savings,interchange,9,10000,251.56,251.56,73.4692386667
test_caso1,savings,2-opt,0,1000,251.56,251.56,10.7735583333
test_caso1,savings,2-opt,0,5000,251.56,251.56,204.237042667
test_caso1,savings,2-opt,0,10000,251.56,251.56,789.584886
test_caso1,savings,2-opt,1,1000,251.56,251.56,4.96633333333
test_caso1,savings,2-opt,1,5000,251.56,251.56,165.962928
test_caso1,savings,2-opt,1,10000,251.56,251.56,757.90595
test_caso1,savings,2-opt,2,1000,251.56,251.56,5.74388133333
test_caso1,savings,2-opt,2,5000,251.56,251.56,63.5807133333
test_caso1,savings,2-opt,2,10000,251.56,251.56,439.023454667
test_caso1,savings,2-opt,3,1000,251.56,251.56,1.65255166667
test_caso1,savings,2-opt,3,5000,250.817666667,249.333,89.968286
test_caso1,savings,2-opt,3,10000,251.56,251.56,234.439244333
test_caso1,savings,2-opt,4,1000,250.696666667,248.97,4.151856
test_caso1,savings,2-opt,4,5000,251.56,251.56,51.7517896667
test_caso1,savings,2-opt,4,10000,251.56,251.56,322.813856
test_caso1,savings,2-opt,5,1000,251.56,251.56,3.16739766667
test_caso1,savings,2-opt,5,5000,250.589,248.647,45.6322963333
test_caso1,savings,2-opt,5,10000,251.56,251.56,186.315372
test_caso1,savings,2-opt,6,1000,251.56,251.56,1.26669533333
test_caso1,savings,2-opt,6,5000,251.56,251.56,17.71958
test_caso1,savings,2-opt,6,10000,251.56,251.56,67.7788126667
test_caso1,savings,2-opt,7,1000,251.56,251.56,1.43046666667
test_caso1,savings,2-opt,7,5000,251.56,251.56,18.188669
test_caso1,savings,2-opt,7,10000,251.56,251.56,70.6108676667
test_caso1,savings,2-opt,8,1000,251.56,251.56,2.76925933333
test_caso1,savings,2-opt,8,5000,251.56,251.56,31.2421236667
test_caso1,savings,2-opt,8,10000,251.56,251.56,100.449309333
test_caso1,savings,2-opt,9,1000,251.56,251.56,1.27734133333
test_caso1,savings,2-opt,9,5000,251.56,251.56,18.3730256667
test_caso1,savings,2-opt,9,10000,250.681333333,248.924,69.2069506667
test_caso1,sweep,interchange,0,1000,370.892,370.892,25.1869016667
test_caso1,sweep,interchange,0,5000,370.892,370.892,329.617604667
test_caso1,sweep,interchange,0,10000,370.892,370.892,1155.13617167
test_caso1,sweep,interchange,1,1000,370.892,370.892,13.46608
test_caso1,sweep,interchange,1,5000,370.892,370.892,317.734019
test_caso1,sweep,interchange,1,10000,370.892,370.892,1254.40036367
test_caso1,sweep,interchange,2,1000,370.892,370.892,14.2190163333
test_caso1,sweep,interchange,2,5000,370.892,370.892,172.750113
test_caso1,sweep,interchange,2,10000,370.892,370.892,627.367208667
test_caso1,sweep,interchange,3,1000,370.892,370.892,7.46892133333
test_caso1,sweep,interchange,3,5000,370.892,370.892,106.815876333
test_caso1,sweep,interchange,3,10000,370.892,370.892,377.004557667
test_caso1,sweep,interchange,4,1000,370.892,370.892,8.63846566667
test_caso1,sweep,interchange,4,5000,369.184,367.304,143.325449667
test_caso1,sweep,interchange,4,10000,370.892,370.892,536.329834333
test_caso1,sweep,interchange,5,1000,370.892,370.892,9.59016733333
test_caso1,sweep,interchange,5,5000,370.892,370.892,92.074242
test_caso1,sweep,interchange,5,10000,370.892,370.892,283.255762
test_caso1,sweep,interchange,6,1000,370.892,370.892,3.09288966667
test_caso1,sweep,interchange,6,5000,370.892,370.892,28.7273923333
test_caso1,sweep,interchange,6,10000,370.892,370.892,91.5547333333
test_caso1,sweep,interchange,7,1000,370.892,370.892,3.19507366667
test_caso1,sweep,interchange,7,5000,370.892,370.892,28.460363
test_caso1,sweep,interchange,7,10000,370.892,370.892,91.8967943333
test_caso1,sweep,interchange,8,1000,370.892,370.892,3.53224966667
test_caso1,sweep,interchange,8,5000,370.892,370.892,30.9171473333
test_caso1,sweep,interchange,8,10000,370.748333333,370.461,95.8163883333
test_caso1,sweep,interchange,9,1000,370.892,370.892,3.13121066667
test_caso1,sweep,interchange,9,5000,370.892,370.892,28.7000346667
test_caso1,sweep,interchange,9,10000,366.867666667,358.819,90.767316
test_caso1,sweep,2-opt,0,1000,360.116333333,341.233,16.5854163333
test_caso1,sweep,2-opt,0,5000,359.296666667,336.106,283.901814
test_caso1,sweep,2-opt,0,10000,353.242666667,336.126,1270.242093
test_caso1,sweep,2-opt,1,1000,364.275,351.041,10.562668
test_caso1,sweep,2-opt,1,5000,364.843666667,352.747,286.199406667
test_caso1,sweep,2-opt,1,10000,344.401,337.171,1261.529863
test_caso1,sweep,2-opt,2,1000,366.389,357.383,8.607208
test_caso1,sweep,2-opt,2,5000,359.719,350.124,125.673097
test_caso1,sweep,2-opt,2,10000,362.174666667,345.81,805.939064333
test_caso1,sweep,2-opt,3,1000,370.573333333,369.936,5.55967266667
test_caso1,sweep,2-opt,3,5000,352.303333333,334.02,96.1722813333
test_caso1,sweep,2-opt,3,10000,370.892,370.892,467.134787667
test_caso1,sweep,2-opt,4,1000,370.048,368.36,11.1132603333
test_caso1,sweep,2-opt,4,5000,366.228333333,363.276,154.092321
test_caso1,sweep,2-opt,4,10000,353.781666667,342.525,644.526494667
test_caso1,sweep,2-opt,5,1000,370.892,370.892,9.07155733333
test_caso1,sweep,2-opt,5,5000,367.014333333,359.259,86.6267746667
test_caso1,sweep,2-opt,5,10000,363.115666667,350.728,300.68114
test_caso1,sweep,2-opt,6,1000,368.950666667,367.262,1.40019333333
test_caso1,sweep,2-opt,6,5000,362.683333333,350.358,23.636388
test_caso1,sweep,2-opt,6,10000,350.526333333,346.96,85.4962356667
test_caso1,sweep,2-opt,7,1000,368.707333333,364.338,1.398028
test_caso1,sweep,2-opt,7,5000,361.33,349.831,21.7031176667
test_caso1,sweep,2-opt,7,10000,354.825,343.016,83.117632
test_caso1,sweep,2-opt,8,1000,369.090666667,365.488,2.60794866667
test_caso1,sweep,2-opt,8,5000,361.79,354.744,24.553893
test_caso1,sweep,2-opt,8,10000,358.984333333,352.927,106.749607333
test_caso1,sweep,2-opt,9,1000,368.857666667,367.304,1.402269
test_caso1,sweep,2-opt,9,5000,364.521666667,359.558,21.3361043333
test_caso1,sweep,2-opt,9,10000,346.429333333,345.29,82.1277723333
test_caso1,radial,interchange,0,1000,422.091,422.091,14.4006936667
test_caso1,radial,interchange,0,5000,422.091,422.091,222.963342333
test_caso1,radial,interchange,0,10000,422.091,422.091,935.660679333
test_caso1,radial,interchange,1,1000,422.091,422.091,18.800462
test_caso1,radial,interchange,1,5000,422.091,422.091,194.223073667
test_caso1,radial,interchange,1,10000,422.091,422.091,907.261768333
test_caso1,radial,interchange,2,1000,422.091,422.091,10.4530693333
test_caso1,radial,interchange,2,5000,422.091,422.091,128.341948667
test_caso1,radial,interchange,2,10000,422.091,422.091,443.010578667
test_caso1,radial,interchange,3,1000,422.091,422.091,9.356256
test_caso1,radial,interchange,3,5000,422.091,422.091,96.9179286667
test_caso1,radial,interchange,3,10000,422.091,422.091,343.654489333
test_caso1,radial,interchange,4,1000,422.091,422.091,6.400173
test_caso1,radial,interchange,4,5000,422.091,422.091,67.0231566667
test_caso1,radial,interchange,4,10000,422.091,422.091,340.786765
test_caso1,radial,interchange,5,1000,422.091,422.091,6.62975666667
test_caso1,radial,interchange,5,5000,422.091,422.091,48.576696
test_caso1,radial,interchange,5,10000,422.091,422.091,218.464709
test_caso1,radial,interchange,6,1000,422.091,422.091,2.18986066667
test_caso1,radial,interchange,6,5000,422.091,422.091,21.6174316667
test_caso1,radial,interchange,6,10000,421.932333333,421.615,69.9547053333
test_caso1,radial,interchange,7,1000,422.091,422.091,2.27845566667
test_caso1,radial,interchange,7,5000,422.091,422.091,21.2452183333
test_caso1,radial,interchange,7,10000,422.091,422.091,70.2104436667
test_caso1,radial,interchange,8,1000,422.091,422.091,3.29218166667
test_caso1,radial,interchange,8,5000,422.091,422.091,25.9932203333
test_caso1,radial,interchange,8,10000,422.091,422.091,81.267068
test_caso1,radial,interchange,9,1000,422.091,422.091,2.20837366667
test_caso1,radial,interchange,9,5000,422.091,422.091,21.0927986667
test_caso1,radial,interchange,9,10000,421.106333333,419.137,70.8821816667
test_caso1,radial,2-opt,0,1000,422.091,422.091,3.911825
test_caso1,radial,2-opt,0,5000,420.713333333,417.958,150.633976
test_caso1,radial,2-opt,0,10000,420.455,417.183,684.886505
test_caso1,radial,2-opt,1,1000,422.091,422.091,2.48858833333
test_caso1,radial,2-opt,1,5000,422.091,422.091,135.489015333
test_caso1,radial,2-opt,1,10000,419.941666667,415.643,748.051334333
test_caso1,radial,2-opt,2,1000,422.091,422.091,5.916067
test_caso1,radial,2-opt,2,5000,422.091,422.091,76.702528
test_caso1,radial,2-opt,2,10000,421.556,420.486,313.836676333
test_caso1,radial,2-opt,3,1000,419.608333333,414.643,3.310297
test_caso1,radial,2-opt,3,5000,422.091,422.091,52.6404196667
test_caso1,radial,2-opt,3,10000,419.595,414.603,245.530189667
test_caso1,radial,2-opt,4,1000,422.091,422.091,7.384457
test_caso1,radial,2-opt,4,5000,421.555333333,420.484,59.770129
test_caso1,radial,2-opt,4,10000,421.490333333,420.289,284.026266
test_caso1,radial,2-opt,5,1000,422.091,422.091,3.443508
test_caso1,radial,2-opt,5,5000,416.953,406.677,45.2254886667
test_caso1,radial,2-opt,5,10000,422.091,422.091,174.019618
test_caso1,radial,2-opt,6,1000,420.962666667,418.706,1.74908233333
test_caso1,radial,2-opt,6,5000,419.012333333,412.855,18.3677183333
test_caso1,radial,2-opt,6,10000,411.225666667,410.353,68.955568
test_caso1,radial,2-opt,7,1000,421.995666667,421.805,1.44205666667
test_caso1,radial,2-opt,7,5000,421.447333333,420.289,16.8469683333
test_caso1,radial,2-opt,7,10000,413.895666667,405.909,69.5024963333
test_caso1,radial,2-opt,8,1000,422.091,422.091,1.41082233333
test_caso1,radial,2-opt,8,5000,422.091,422.091,20.8738876667
test_caso1,radial,2-opt,8,10000,416.343,409.925,85.4269563333
test_caso1,radial,2-opt,9,1000,422.091,422.091,1.33704766667
test_caso1,radial,2-opt,9,5000,414.049333333,407.16,18.7110873333
test_caso1,radial,2-opt,9,10000,419.907,415.539,69.7987283333
test_caso1,goloso,interchange,0,1000,324.401,324.401,14.530655
test_caso1,goloso,interchange,0,5000,324.401,324.401,233.065468333
test_caso1,goloso,interchange,0,10000,324.401,324.401,942.8765
test_caso1,goloso,interchange,1,1000,324.401,324.401,11.7076626667
test_caso1,goloso,interchange,1,5000,324.401,324.401,217.920139333
test_caso1,goloso,interchange,1,10000,324.401,324.401,855.639130333
test_caso1,goloso,interchange,2,1000,324.401,324.401,9.23259866667
test_caso1,goloso,interchange,2,5000,324.401,324.401,100.184923
test_caso1,goloso,interchange,2,10000,324.401,324.401,499.768625667
test_caso1,goloso,interchange,3,1000,324.401,324.401,5.332371
test_caso1,goloso,interchange,3,5000,324.401,324.401,75.3781523333
test_caso1,goloso,interchange,3,10000,324.401,324.401,318.163519
test_caso1,goloso,interchange,4,1000,324.401,324.401,18.866725
test_caso1,goloso,interchange,4,5000,324.401,324.401,97.326552
test_caso1,goloso,interchange,4,10000,324.401,324.401,382.019349
test_caso1,goloso,interchange,5,1000,324.401,324.401,5.59426033333
test_caso1,goloso,interchange,5,5000,324.401,324.401,64.4130503333
test_caso1,goloso,interchange,5,10000,324.401,324.401,200.101086
test_caso1,goloso,interchange,6,1000,324.401,324.401,2.04105433333
test_caso1,goloso,interchange,6,5000,324.401,324.401,20.9660916667
test_caso1,goloso,interchange,6,10000,323.740666667,322.42,69.021628
test_caso1,goloso,interchange,7,1000,324.401,324.401,2.087519
test_caso1,goloso,interchange,7,5000,324.401,324.401,20.6586643333
test_caso1,goloso,interchange,7,10000,324.401,324.401,69.1280743333
test_caso1,goloso,interchange,8,1000,324.401,324.401,2.72989633333
test_caso1,goloso,interchange,8,5000,324.273666667,324.019,23.3162646667
test_caso1,goloso,interchange,8,10000,324.401,324.401,79.7176433333
test_caso1,goloso,interchange,9,1000,324.401,324.401,2.16400433333
test_caso1,goloso,interchange,9,5000,324.401,324.401,20.7774063333
test_caso1,goloso,interchange,9,10000,324.401,324.401,69.600253
test_caso1,goloso,2-opt,0,1000,321.749,316.445,13.5986423333
test_caso1,goloso,2-opt,0,5000,322.833,319.697,210.891050333
test_caso1,goloso,2-opt,0,10000,320.753,313.457,1014.29822767
test_caso1,goloso,2-opt,1,1000,324.401,324.401,11.5682936667
test_caso1,goloso,2-opt,1,5000,324.401,324.401,222.003755667
test_caso1,goloso,2-opt,1,10000,319.98,313.236,1014.838493
test_caso1,goloso,2-opt,2,1000,324.007666667,323.221,4.43992066667
test_caso1,goloso,2-opt,2,5000,316.833666667,305.794,145.946229333
test_caso1,goloso,2-opt,2,10000,324.401,324.401,612.354483667
test_caso1,goloso,2-opt,3,1000,324.401,324.401,5.711743
test_caso1,goloso,2-opt,3,5000,324.139666667,323.617,83.9605956667
test_caso1,goloso,2-opt,3,10000,324.401,324.401,378.162194
test_caso1,goloso,2-opt,4,1000,324.401,324.401,7.41817766667
test_caso1,goloso,2-opt,4,5000,324.401,324.401,89.675846
test_caso1,goloso,2-opt,4,10000,319.976,315.742,448.243597333
test_caso1,goloso,2-opt,5,1000,322.062,317.384,6.77365266667
test_caso1,goloso,2-opt,5,5000,322.731666667,319.393,72.37499
test_caso1,goloso,2-opt,5,10000,320.740333333,313.419,255.938702667
test_caso1,goloso,2-opt,6,1000,320.278666667,312.034,1.364816
test_caso1,goloso,2-opt,6,5000,320.459666667,318.165,18.9057836667
test_caso1,goloso,2-opt,6,10000,314.974333333,307.287,68.0990693333
test_caso1,goloso,2-opt,7,1000,321.474666667,315.622,1.31739466667
test_caso1,goloso,2-opt,7,5000,322.826666667,322.019,18.9768196667
test_caso1,goloso,2-opt,7,10000,312.853666667,300.124,70.3444563333
test_caso1,goloso,2-opt,8,1000,323.890333333,322.869,3.731835
test_caso1,goloso,2-opt,8,5000,324.401,324.401,29.3594573333
test_caso1,goloso,2-opt,8,10000,312.761,304.849,95.306362
test_caso1,goloso,2-opt,9,1000,324.298666667,324.094,1.26739033333
test_caso1,goloso,2-opt,9,5000,323.129333333,321.196,18.7306893333
test_caso1,goloso,2-opt,9,10000,310.746333333,306.428,69.08797
