File,heuristica_inicial,vecindad,break_point,valor,tiempo
A-n39-k6-extremo,savings,interchange,0,1000,1421.28,1421.28,10.8716226667
A-n39-k6-extremo,savings,interchange,0,5000,1421.28,1421.28,190.135447
A-n39-k6-extremo,savings,interchange,0,10000,1421.28,1421.28,1080.814485
A-n39-k6-extremo,savings,interchange,1,1000,1420.91,1420.17,16.4731793333
A-n39-k6-extremo,savings,interchange,1,5000,1420.91,1420.17,200.037375333
A-n39-k6-extremo,savings,interchange,1,10000,1421.28,1421.28,1072.510681
A-n39-k6-extremo,savings,interchange,2,1000,1421.28,1421.28,6.42019533333
A-n39-k6-extremo,savings,interchange,2,5000,1421.28,1421.28,110.303905
A-n39-k6-extremo,savings,interchange,2,10000,1421.28,1421.28,532.392015333
A-n39-k6-extremo,savings,interchange,3,1000,1421.28,1421.28,5.03567966667
A-n39-k6-extremo,savings,interchange,3,5000,1420.91,1420.17,96.59221
A-n39-k6-extremo,savings,interchange,3,10000,1421.28,1421.28,375.477716
A-n39-k6-extremo,savings,interchange,4,1000,1421.28,1421.28,3.473131
A-n39-k6-extremo,savings,interchange,4,5000,1421.28,1421.28,74.1191476667
A-n39-k6-extremo,savings,interchange,4,10000,1421.28,1421.28,466.064641
A-n39-k6-extremo,savings,interchange,5,1000,1421.28,1421.28,6.42706533333
A-n39-k6-extremo,savings,interchange,5,5000,1421.28,1421.28,50.5184993333
A-n39-k6-extremo,savings,interchange,5,10000,1421.28,1421.28,227.524942333
A-n39-k6-extremo,savings,interchange,6,1000,1421.28,1421.28,1.908992
A-n39-k6-extremo,savings,interchange,6,5000,1421.28,1421.28,24.4316333333
A-n39-k6-extremo,savings,interchange,6,10000,1420.91,1420.17,87.7597783333
A-n39-k6-extremo,savings,interchange,7,1000,1421.28,1421.28,1.91760266667
A-n39-k6-extremo,savings,interchange,7,5000,1421.28,1421.28,24.9729023333
A-n39-k6-extremo,savings,interchange,7,10000,1421.28,1421.28,87.173342
A-n39-k6-extremo,savings,interchange,8,1000,1421.28,1421.28,2.04549833333
A-n39-k6-extremo,savings,interchange,8,5000,1421.28,1421.28,26.6518206667
A-n39-k6-extremo,savings,interchange,8,10000,1421.28,1421.28,94.338394
A-n39-k6-extremo,savings,interchange,9,1000,1421.28,1421.28,1.92857766667
A-n39-k6-extremo,savings,interchange,9,5000,1421.28,1421.28,24.220841
A-n39-k6-extremo,savings,interchange,9,10000,1421.28,1421.28,86.841812
A-n39-k6-extremo,savings,2-opt,0,1000,1420.06666667,1417.64,8.287996
A-n39-k6-extremo,savings,2-opt,0,5000,1420.91,1420.17,222.975014333
A-n39-k6-extremo,savings,2-opt,0,10000,1421.28,1421.28,1202.510928
A-n39-k6-extremo,savings,2-opt,1,1000,1421.28,1421.28,8.30063233333
A-n39-k6-extremo,savings,2-opt,1,5000,1421.28,1421.28,242.123804
A-n39-k6-extremo,savings,2-opt,1,10000,1421.28,1421.28,1216.87088967
A-n39-k6-extremo,savings,2-opt,2,1000,1421.28,1421.28,2.27388533333
A-n39-k6-extremo,savings,2-opt,2,5000,1421.28,1421.28,122.410582
A-n39-k6-extremo,savings,2-opt,2,10000,1421.28,1421.28,633.108644333
A-n39-k6-extremo,savings,2-opt,3,1000,1421.28,1421.28,3.84703866667
A-n39-k6-extremo,savings,2-opt,3,5000,1420.54,1420.17,64.2733583333
A-n39-k6-extremo,savings,2-opt,3,10000,1421.28,1421.28,368.376089333
A-n39-k6-extremo,savings,2-opt,4,1000,1421.28,1421.28,3.26951733333
A-n39-k6-extremo,savings,2-opt,4,5000,1421.28,1421.28,95.756519
A-n39-k6-extremo,savings,2-opt,4,10000,1420.91,1420.17,451.365564
A-n39-k6-extremo,savings,2-opt,5,1000,1421.28,1421.28,4.420686
A-n39-k6-extremo,savings,2-opt,5,5000,1421.28,1421.28,43.3374883333
A-n39-k6-extremo,savings,2-opt,5,10000,1421.28,1421.28,262.641026667
A-n39-k6-extremo,savings,2-opt,6,1000,1421.28,1421.28,1.323754
A-n39-k6-extremo,savings,2-opt,6,5000,1421.28,1421.28,23.5674403333
A-n39-k6-extremo,savings,2-opt,6,10000,1420.17,1420.17,93.8463376667
A-n39-k6-extremo,savings,2-opt,7,1000,1421.28,1421.28,1.33221133333
A-n39-k6-extremo,savings,2-opt,7,5000,1420.91,1420.17,24.5465456667
A-n39-k6-extremo,savings,2-opt,7,10000,1420.91,1420.17,97.8734776667
A-n39-k6-extremo,savings,2-opt,8,1000,1421.28,1421.28,2.330911
A-n39-k6-extremo,savings,2-opt,8,5000,1421.28,1421.28,27.4413493333
A-n39-k6-extremo,savings,2-opt,8,10000,1421.28,1421.28,106.048222
A-n39-k6-extremo,savings,2-opt,9,1000,1421.28,1421.28,1.31166033333
A-n39-k6-extremo,savings,2-opt,9,5000,1420.17,1420.17,24.2245783333
A-n39-k6-extremo,savings,2-opt,9,10000,1420.54,1420.17,97.0757836667
A-n39-k6-extremo,sweep,interchange,0,1000,1906.40666667,1899.50,14.0164126667
A-n39-k6-extremo,sweep,interchange,0,5000,1908.49666667,1905.77,269.115724333
A-n39-k6-extremo,sweep,interchange,0,10000,1909.86,1909.86,1349.31980233
A-n39-k6-extremo,sweep,interchange,1,1000,1909.86,1909.86,11.0354543333
A-n39-k6-extremo,sweep,interchange,1,5000,1909.86,1909.86,263.929288333
A-n39-k6-extremo,sweep,interchange,1,10000,1909.86,1909.86,1328.70279733
A-n39-k6-extremo,sweep,interchange,2,1000,1909.86,1909.86,13.6087096667
A-n39-k6-extremo,sweep,interchange,2,5000,1909.86,1909.86,140.188722667
A-n39-k6-extremo,sweep,interchange,2,10000,1909.86,1909.86,708.527996
A-n39-k6-extremo,sweep,interchange,3,1000,1909.14333333,1907.71,9.27413433333
A-n39-k6-extremo,sweep,interchange,3,5000,1900.59666667,1882.07,117.707395
A-n39-k6-extremo,sweep,interchange,3,10000,1909.86,1909.86,476.757807
A-n39-k6-extremo,sweep,interchange,4,1000,1909.86,1909.86,7.84198733333
A-n39-k6-extremo,sweep,interchange,4,5000,1909.86,1909.86,122.327523
A-n39-k6-extremo,sweep,interchange,4,10000,1909.86,1909.86,543.884879333
A-n39-k6-extremo,sweep,interchange,5,1000,1909.86,1909.86,9.899515
A-n39-k6-extremo,sweep,interchange,5,5000,1909.86,1909.86,76.875081
A-n39-k6-extremo,sweep,interchange,5,10000,1855.99333333,1792.88,313.174177333
A-n39-k6-extremo,sweep,interchange,6,1000,1878.26666667,1815.08,2.21224333333
A-n39-k6-extremo,sweep,interchange,6,5000,1909.86,1909.86,26.2872616667
A-n39-k6-extremo,sweep,interchange,6,10000,1783.21333333,1729.44,91.7294423333
A-n39-k6-extremo,sweep,interchange,7,1000,1909.86,1909.86,2.27657666667
A-n39-k6-extremo,sweep,interchange,7,5000,1909.86,1909.86,25.92651
A-n39-k6-extremo,sweep,interchange,7,10000,1758.49666667,1683.76,90.09112
A-n39-k6-extremo,sweep,interchange,8,1000,1909.86,1909.86,2.37653766667
A-n39-k6-extremo,sweep,interchange,8,5000,1892.18,1856.82,28.9952673333
A-n39-k6-extremo,sweep,interchange,8,10000,1909.86,1909.86,96.294954
A-n39-k6-extremo,sweep,interchange,9,1000,1884.67333333,1834.30,2.165478
A-n39-k6-extremo,sweep,interchange,9,5000,1889.39666667,1870.67,25.7669406667
A-n39-k6-extremo,sweep,interchange,9,10000,1744.96666667,1611.15,90.2608553333
A-n39-k6-extremo,sweep,2-opt,0,1000,1762.27333333,1579.72,8.67880833333
A-n39-k6-extremo,sweep,2-opt,0,5000,1630.23666667,1580.22,324.565569333
A-n39-k6-extremo,sweep,2-opt,0,10000,1653.24,1636.95,1639.27392433
A-n39-k6-extremo,sweep,2-opt,1,1000,1699.11333333,1588.53,13.912183
A-n39-k6-extremo,sweep,2-opt,1,5000,1633.25,1579.72,333.587153333
A-n39-k6-extremo,sweep,2-opt,1,10000,1655.33333333,1634.59,1616.48310733
A-n39-k6-extremo,sweep,2-opt,2,1000,1858.57666667,1756.01,14.9412786667
A-n39-k6-extremo,sweep,2-opt,2,5000,1631.75333333,1605.06,205.892388
A-n39-k6-extremo,sweep,2-opt,2,10000,1624.98333333,1583.50,1044.09422
A-n39-k6-extremo,sweep,2-opt,3,1000,1813.58666667,1759.92,5.66469466667
A-n39-k6-extremo,sweep,2-opt,3,5000,1695.49666667,1660.56,121.242659333
A-n39-k6-extremo,sweep,2-opt,3,10000,1616.83333333,1579.65,607.938828
A-n39-k6-extremo,sweep,2-opt,4,1000,1793.25333333,1666.43,9.71628433333
A-n39-k6-extremo,sweep,2-opt,4,5000,1620.82666667,1579.72,139.688676333
A-n39-k6-extremo,sweep,2-opt,4,10000,1627.66,1591.83,750.383326667
A-n39-k6-extremo,sweep,2-opt,5,1000,1834.20666667,1778.42,8.874382
A-n39-k6-extremo,sweep,2-opt,5,5000,1658.59,1612.80,102.499412333
A-n39-k6-extremo,sweep,2-opt,5,10000,1624.29666667,1614.98,437.245965667
A-n39-k6-extremo,sweep,2-opt,6,1000,1909.86,1909.86,1.36873366667
A-n39-k6-extremo,sweep,2-opt,6,5000,1679.11,1624.96,25.7046676667
A-n39-k6-extremo,sweep,2-opt,6,10000,1580.14333333,1579.72,98.5157743333
A-n39-k6-extremo,sweep,2-opt,7,1000,1834.41666667,1683.53,1.34818166667
A-n39-k6-extremo,sweep,2-opt,7,5000,1670.64,1583.16,25.5943476667
A-n39-k6-extremo,sweep,2-opt,7,10000,1599.74666667,1591.00,102.453099333
A-n39-k6-extremo,sweep,2-opt,8,1000,1896.71333333,1870.42,2.291735
A-n39-k6-extremo,sweep,2-opt,8,5000,1669.81333333,1643.65,30.0361886667
A-n39-k6-extremo,sweep,2-opt,8,10000,1585.65,1580.15,115.255665
A-n39-k6-extremo,sweep,2-opt,9,1000,1813.54666667,1704.91,1.32675333333
A-n39-k6-extremo,sweep,2-opt,9,5000,1667.58,1580.22,24.062074
A-n39-k6-extremo,sweep,2-opt,9,10000,1587.75666667,1580.46,99.7912583333
A-n39-k6-extremo,radial,interchange,0,1000,1645.44,1645.44,10.803666
A-n39-k6-extremo,radial,interchange,0,5000,1645.44,1645.44,254.222284
A-n39-k6-extremo,radial,interchange,0,10000,1645.44,1645.44,1306.27952
A-n39-k6-extremo,radial,interchange,1,1000,1645.44,1645.44,16.6914686667
A-n39-k6-extremo,radial,interchange,1,5000,1645.44,1645.44,253.544801
A-n39-k6-extremo,radial,interchange,1,10000,1645.44,1645.44,1184.31254367
A-n39-k6-extremo,radial,interchange,2,1000,1645.44,1645.44,7.782397
A-n39-k6-extremo,radial,interchange,2,5000,1645.44,1645.44,163.928757333
A-n39-k6-extremo,radial,interchange,2,10000,1645.44,1645.44,659.964721
A-n39-k6-extremo,radial,interchange,3,1000,1645.44,1645.44,10.6053523333
A-n39-k6-extremo,radial,interchange,3,5000,1645.44,1645.44,109.93182
A-n39-k6-extremo,radial,interchange,3,10000,1645.44,1645.44,475.041539333
A-n39-k6-extremo,radial,interchange,4,1000,1645.44,1645.44,5.68796133333
A-n39-k6-extremo,radial,interchange,4,5000,1645.44,1645.44,104.538815333
A-n39-k6-extremo,radial,interchange,4,10000,1645.44,1645.44,502.298081333
A-n39-k6-extremo,radial,interchange,5,1000,1645.44,1645.44,8.28509766667
A-n39-k6-extremo,radial,interchange,5,5000,1645.44,1645.44,73.660859
A-n39-k6-extremo,radial,interchange,5,10000,1645.44,1645.44,313.272556
A-n39-k6-extremo,radial,interchange,6,1000,1645.44,1645.44,2.17115466667
A-n39-k6-extremo,radial,interchange,6,5000,1645.26,1644.90,25.7351333333
A-n39-k6-extremo,radial,interchange,6,10000,1645.44,1645.44,92.9568526667
A-n39-k6-extremo,radial,interchange,7,1000,1645.44,1645.44,2.13736666667
A-n39-k6-extremo,radial,interchange,7,5000,1645.44,1645.44,25.756415
A-n39-k6-extremo,radial,interchange,7,10000,1645.44,1645.44,92.0022293333
A-n39-k6-extremo,radial,interchange,8,1000,1645.44,1645.44,2.53142333333
A-n39-k6-extremo,radial,interchange,8,5000,1645.44,1645.44,27.029316
A-n39-k6-extremo,radial,interchange,8,10000,1645.44,1645.44,97.1918883333
A-n39-k6-extremo,radial,interchange,9,1000,1645.44,1645.44,2.16295266667
A-n39-k6-extremo,radial,interchange,9,5000,1645.44,1645.44,25.2315466667
A-n39-k6-extremo,radial,interchange,9,10000,1645.44,1645.44,92.2805746667
A-n39-k6-extremo,radial,2-opt,0,1000,1632.11,1605.45,3.58422433333
A-n39-k6-extremo,radial,2-opt,0,5000,1632.34666667,1606.16,246.130647333
A-n39-k6-extremo,radial,2-opt,0,10000,1632.11,1605.45,1123.295253
A-n39-k6-extremo,radial,2-opt,1,1000,1645.44,1645.44,13.186714
A-n39-k6-extremo,radial,2-opt,1,5000,1634.73666667,1618.29,226.321997
A-n39-k6-extremo,radial,2-opt,1,10000,1645.44,1645.44,1183.59102367
A-n39-k6-extremo,radial,2-opt,2,1000,1645.44,1645.44,4.34132466667
A-n39-k6-extremo,radial,2-opt,2,5000,1645.44,1645.44,140.181724667
A-n39-k6-extremo,radial,2-opt,2,10000,1642.07666667,1635.35,640.790906
A-n39-k6-extremo,radial,2-opt,3,1000,1645.44,1645.44,4.37865633333
A-n39-k6-extremo,radial,2-opt,3,5000,1632.11,1605.45,71.6787356667
A-n39-k6-extremo,radial,2-opt,3,10000,1645.44,1645.44,424.419581333
A-n39-k6-extremo,radial,2-opt,4,1000,1645.44,1645.44,3.99215366667
A-n39-k6-extremo,radial,2-opt,4,5000,1639.04666667,1626.26,96.8979086667
A-n39-k6-extremo,radial,2-opt,4,10000,1642.45,1636.47,523.711903
A-n39-k6-extremo,radial,2-opt,5,1000,1645.44,1645.44,3.89867366667
A-n39-k6-extremo,radial,2-opt,5,5000,1643.78666667,1640.48,44.5784126667
A-n39-k6-extremo,radial,2-opt,5,10000,1642.25333333,1635.88,297.904252
A-n39-k6-extremo,radial,2-opt,6,1000,1645.30666667,1645.04,1.31515633333
A-n39-k6-extremo,radial,2-opt,6,5000,1641.35333333,1633.18,23.074037
A-n39-k6-extremo,radial,2-opt,6,10000,1627.18,1622.84,96.8452546667
A-n39-k6-extremo,radial,2-opt,7,1000,1645.44,1645.44,1.36974466667
A-n39-k6-extremo,radial,2-opt,7,5000,1645.44,1645.44,23.259921
A-n39-k6-extremo,radial,2-opt,7,10000,1617.91333333,1605.81,99.3252393333
A-n39-k6-extremo,radial,2-opt,8,1000,1645.44,1645.44,1.58625733333
A-n39-k6-extremo,radial,2-opt,8,5000,1636.55333333,1618.78,25.0687893333
A-n39-k6-extremo,radial,2-opt,8,10000,1607.85333333,1605.45,110.141215
A-n39-k6-extremo,radial,2-opt,9,1000,1644.26666667,1641.92,1.510562
A-n39-k6-extremo,radial,2-opt,9,5000,1636.63,1621.57,26.089207
A-n39-k6-extremo,radial,2-opt,9,10000,1614.09,1605.45,98.7363016667
A-n39-k6-extremo,goloso,interchange,0,1000,1543.00,1543.00,12.83573
A-n39-k6-extremo,goloso,interchange,0,5000,1543.00,1543.00,282.230625667
A-n39-k6-extremo,goloso,interchange,0,10000,1535.16666667,1519.50,1216.335823
A-n39-k6-extremo,goloso,interchange,1,1000,1543.00,1543.00,12.0413136667
A-n39-k6-extremo,goloso,interchange,1,5000,1543.00,1543.00,280.107043
A-n39-k6-extremo,goloso,interchange,1,10000,1543.00,1543.00,1207.30727567
A-n39-k6-extremo,goloso,interchange,2,1000,1543.00,1543.00,6.48187533333
A-n39-k6-extremo,goloso,interchange,2,5000,1543.00,1543.00,150.959509333
A-n39-k6-extremo,goloso,interchange,2,10000,1543.00,1543.00,667.978623
A-n39-k6-extremo,goloso,interchange,3,1000,1543.00,1543.00,12.1501383333
A-n39-k6-extremo,goloso,interchange,3,5000,1543.00,1543.00,105.040118333
A-n39-k6-extremo,goloso,interchange,3,10000,1543.00,1543.00,428.217326333
A-n39-k6-extremo,goloso,interchange,4,1000,1543.00,1543.00,4.683578
A-n39-k6-extremo,goloso,interchange,4,5000,1543.00,1543.00,125.079244667
A-n39-k6-extremo,goloso,interchange,4,10000,1543.00,1543.00,520.048126
A-n39-k6-extremo,goloso,interchange,5,1000,1543.00,1543.00,3.28725566667
A-n39-k6-extremo,goloso,interchange,5,5000,1543.00,1543.00,75.9755743333
A-n39-k6-extremo,goloso,interchange,5,10000,1543.00,1543.00,318.812969333
A-n39-k6-extremo,goloso,interchange,6,1000,1543.00,1543.00,2.536757
A-n39-k6-extremo,goloso,interchange,6,5000,1543.00,1543.00,26.8500943333
A-n39-k6-extremo,goloso,interchange,6,10000,1543.00,1543.00,93.642788
A-n39-k6-extremo,goloso,interchange,7,1000,1543.00,1543.00,2.376274
A-n39-k6-extremo,goloso,interchange,7,5000,1541.86,1539.58,26.953793
A-n39-k6-extremo,goloso,interchange,7,10000,1543.00,1543.00,95.0243886667
A-n39-k6-extremo,goloso,interchange,8,1000,1536.39,1523.17,2.71289766667
A-n39-k6-extremo,goloso,interchange,8,5000,1543.00,1543.00,28.0931126667
A-n39-k6-extremo,goloso,interchange,8,10000,1531.07333333,1507.22,97.409746
A-n39-k6-extremo,goloso,interchange,9,1000,1543.00,1543.00,2.460014
A-n39-k6-extremo,goloso,interchange,9,5000,1543.00,1543.00,27.4605496667
A-n39-k6-extremo,goloso,interchange,9,10000,1543.00,1543.00,92.7095296667
A-n39-k6-extremo,goloso,2-opt,0,1000,1516.93333333,1500.12,11.0269616667
A-n39-k6-extremo,goloso,2-opt,0,5000,1503.22,1470.78,285.186993333
A-n39-k6-extremo,goloso,2-opt,0,10000,1503.40666667,1486.95,1235.01388633
A-n39-k6-extremo,goloso,2-opt,1,1000,1543.00,1543.00,5.29934766667
A-n39-k6-extremo,goloso,2-opt,1,5000,1529.80,1510.05,256.787147
A-n39-k6-extremo,goloso,2-opt,1,10000,1487.78666667,1462.85,1215.183081
A-n39-k6-extremo,goloso,2-opt,2,1000,1531.74,1518.77,8.15858533333
A-n39-k6-extremo,goloso,2-opt,2,5000,1500.14666667,1462.85,151.484453667
A-n39-k6-extremo,goloso,2-opt,2,10000,1539.87,1537.15,696.809620333
A-n39-k6-extremo,goloso,2-opt,3,1000,1529.69333333,1503.08,2.76696266667
A-n39-k6-extremo,goloso,2-opt,3,5000,1530.06,1519.73,90.7742433333
A-n39-k6-extremo,goloso,2-opt,3,10000,1522.62666667,1510.31,447.327292667
A-n39-k6-extremo,goloso,2-opt,4,1000,1541.20666667,1537.62,6.04253966667
A-n39-k6-extremo,goloso,2-opt,4,5000,1502.85,1489.10,118.158408667
A-n39-k6-extremo,goloso,2-opt,4,10000,1473.60,1464.09,566.120963333
A-n39-k6-extremo,goloso,2-opt,5,1000,1543.00,1543.00,3.44134266667
A-n39-k6-extremo,goloso,2-opt,5,5000,1511.58666667,1490.89,78.6178233333
A-n39-k6-extremo,goloso,2-opt,5,10000,1508.04666667,1488.31,298.320307333
A-n39-k6-extremo,goloso,2-opt,6,1000,1541.16666667,1538.07,1.30460666667
A-n39-k6-extremo,goloso,2-opt,6,5000,1521.21,1502.20,23.3566626667
A-n39-k6-extremo,goloso,2-opt,6,10000,1468.98666667,1466.43,99.4192516667
A-n39-k6-extremo,goloso,2-opt,7,1000,1525.71,1510.83,1.410208
A-n39-k6-extremo,goloso,2-opt,7,5000,1505.53333333,1477.43,24.581662
A-n39-k6-extremo,goloso,2-opt,7,10000,1477.53666667,1470.33,102.754700667
A-n39-k6-extremo,goloso,2-opt,8,1000,1543.00,1543.00,2.29088533333
A-n39-k6-extremo,goloso,2-opt,8,5000,1498.12,1471.13,28.215297
A-n39-k6-extremo,goloso,2-opt,8,10000,1490.78666667,1478.90,113.981596333
A-n39-k6-extremo,goloso,2-opt,9,1000,1543.00,1543.00,1.929052
A-n39-k6-extremo,goloso,2-opt,9,5000,1543.00,1543.00,24.392263
A-n39-k6-extremo,goloso,2-opt,9,10000,1543.00,1543.00,89.5009813333
